J2,Wc_infinite,Wc_error
0.0,4.398964904295156,10.562551820396683
0.5,0.7284690594605567,2.1334196525367464
